iter	RMSE
0	1863.73306
1	1689.335581
